path_idx,type,color,width,vx,vy
0,f,,,0.0000,0.0000
0,f,,,677.0000,0.0000
0,f,,,677.0000,426.0000
0,f,,,0.0000,426.0000
1,s,0.7490|0.7490|0.7490,0.7142860293388367,32.5508,384.3984
1,s,0.7490|0.7490|0.7490,0.7142860293388367,32.5508,19.5508
1,s,0.7490|0.7490|0.7490,0.7142860293388367,110.6680,19.5508
1,s,0.7490|0.7490|0.7490,0.7142860293388367,188.7812,19.5508
1,s,0.7490|0.7490|0.7490,0.7142860293388367,266.8945,19.5508
1,s,0.7490|0.7490|0.7490,0.7142860293388367,345.0078,19.5508
1,s,0.7490|0.7490|0.7490,0.7142860293388367,423.1250,19.5508
1,s,0.7490|0.7490|0.7490,0.7142860293388367,501.2383,19.5508
1,s,0.7490|0.7490|0.7490,0.7142860293388367,579.3516,19.5508
1,s,0.7490|0.7490|0.7490,0.7142860293388367,657.4688,19.5508
1,s,0.7490|0.7490|0.7490,0.7142860293388367,657.4688,384.3984
1,s,0.7490|0.7490|0.7490,0.7142860293388367,657.4688,339.2930
1,s,0.7490|0.7490|0.7490,0.7142860293388367,657.4688,293.1875
1,s,0.7490|0.7490|0.7490,0.7142860293388367,657.4688,248.0820
1,s,0.7490|0.7490|0.7490,0.7142860293388367,657.4688,201.9727
1,s,0.7490|0.7490|0.7490,0.7142860293388367,657.4688,156.8711
1,s,0.7490|0.7490|0.7490,0.7142860293388367,657.4688,110.7617
1,s,0.7490|0.7490|0.7490,0.7142860293388367,657.4688,65.6562
1,s,0.7490|0.7490|0.7490,0.7142860293388367,657.4688,19.5508
2,s,0.3922|0.7098|0.9647,2.142859935760498,657.4688,358.1172
2,s,0.3922|0.7098|0.9647,2.142859935760498,600.6562,355.5664
2,s,0.3922|0.7098|0.9647,2.142859935760498,548.2578,353.2852
2,s,0.3922|0.7098|0.9647,2.142859935760498,499.7773,350.9570
2,s,0.3922|0.7098|0.9647,2.142859935760498,454.7930,346.8477
2,s,0.3922|0.7098|0.9647,2.142859935760498,412.9336,340.9570
2,s,0.3922|0.7098|0.9647,2.142859935760498,373.8906,333.8008
2,s,0.3922|0.7098|0.9647,2.142859935760498,337.3867,322.5586
2,s,0.3922|0.7098|0.9647,2.142859935760498,303.1836,301.6758
2,s,0.3922|0.7098|0.9647,2.142859935760498,271.0703,263.3320
2,s,0.3922|0.7098|0.9647,2.142859935760498,240.8555,183.8281
2,s,0.3922|0.7098|0.9647,2.142859935760498,212.3828,57.3516
2,s,0.3922|0.7098|0.9647,2.142859935760498,185.5039,191.2188
2,s,0.3922|0.7098|0.9647,2.142859935760498,160.0859,328.9805
2,s,0.3922|0.7098|0.9647,2.142859935760498,136.0156,366.3164
2,s,0.3922|0.7098|0.9647,2.142859935760498,113.1875,375.9570
2,s,0.3922|0.7098|0.9647,2.142859935760498,91.5078,378.3789
2,s,0.3922|0.7098|0.9647,2.142859935760498,70.8906,378.8750
2,s,0.3922|0.7098|0.9647,2.142859935760498,51.2617,378.8281
2,s,0.3922|0.7098|0.9647,2.142859935760498,32.5508,378.6406
3,s,0.0000|0.0000|0.0000,0.7142860293388367,32.5508,384.3984
3,s,0.0000|0.0000|0.0000,0.7142860293388367,32.5508,19.5508
3,s,0.0000|0.0000|0.0000,0.7142860293388367,32.5508,384.3984
4,f,,,22.5200,386.4000
4,f,,,20.7200,385.3600
4,f,,,20.0700,382.3700
4,f,,,20.7200,379.4200
4,f,,,22.5200,378.4000
4,f,,,24.3300,379.4200
4,f,,,24.9800,382.3700
4,f,,,24.3300,385.3600
4,f,,,22.5200,386.4000
4,f,,,23.1300,385.2300
4,f,,,23.6000,384.6800
4,f,,,23.9100,383.7400
4,f,,,24.0100,382.3800
4,f,,,23.9100,381.0200
4,f,,,23.6000,380.1000
4,f,,,23.1300,379.5700
4,f,,,22.5200,379.4000
4,f,,,21.9200,379.5700
4,f,,,21.4400,380.1000
4,f,,,21.1300,381.0200
4,f,,,21.0200,382.3800
4,f,,,21.4400,384.6800
4,f,,,22.5200,385.4000
5,s,0.0000|0.0000|0.0000,0.7142860293388367,27.5430,339.2930
5,s,0.0000|0.0000|0.0000,0.7142860293388367,32.5508,339.2930
6,f,,,14.0200,340.5700
6,f,,,15.5600,339.0400
6,f,,,16.6800,337.7800
6,f,,,17.3800,336.7100
6,f,,,17.6200,335.7700
6,f,,,17.2600,334.7100
6,f,,,16.1600,334.3000
6,f,,,15.2700,334.5700
6,f,,,14.5400,335.2200
6,f,,,13.9800,334.6600
6,f,,,14.9900,333.7000
6,f,,,16.2900,333.3000
6,f,,,17.9700,333.9200
6,f,,,18.5900,335.5800
6,f,,,18.3500,336.6700
6,f,,,17.7000,337.8100
6,f,,,16.7200,339.0300
6,f,,,15.4600,340.3800
6,f,,,16.1100,340.3200
6,f,,,16.7400,340.3000
6,f,,,18.9600,340.3000
6,f,,,18.9600,341.3000
6,f,,,14.0200,341.3000
6,f,,,14.0200,340.5700
6,f,,,20.7200,340.2600
6,f,,,20.0700,337.2700
6,f,,,20.7200,334.3200
6,f,,,22.5200,333.3000
6,f,,,24.3300,334.3200
6,f,,,24.9800,337.2700
6,f,,,24.3300,340.2600
6,f,,,22.5200,341.3000
6,f,,,23.1300,340.1300
6,f,,,23.6000,339.5800
6,f,,,23.9100,338.6400
6,f,,,24.0100,337.2800
6,f,,,23.9100,335.9200
6,f,,,23.6000,335.0000
6,f,,,23.1300,334.4700
6,f,,,22.5200,334.3000
6,f,,,21.9200,334.4700
6,f,,,21.4400,335.0000
6,f,,,21.1300,335.9200
6,f,,,21.0200,337.2800
6,f,,,21.4400,339.5800
6,f,,,22.5200,340.3000
7,s,0.0000|0.0000|0.0000,0.7142860293388367,27.5430,293.1875
7,s,0.0000|0.0000|0.0000,0.7142860293388367,32.5508,293.1875
8,f,,,17.1800,292.1900
8,f,,,17.1800,289.7800
8,f,,,17.2000,288.9900
8,f,,,17.2400,288.1900
8,f,,,17.2000,288.1900
8,f,,,16.9000,288.7800
8,f,,,16.5700,289.3600
8,f,,,14.7900,292.1900
8,f,,,17.1800,292.1900
8,f,,,18.1200,293.1900
8,f,,,18.1200,295.1900
8,f,,,17.1800,295.1900
8,f,,,17.1800,293.1900
8,f,,,13.7400,293.1900
8,f,,,13.7400,292.3300
8,f,,,17.0200,287.1900
8,f,,,18.1200,287.1900
8,f,,,18.1200,292.1900
8,f,,,19.1600,292.1900
8,f,,,19.1600,293.1900
8,f,,,20.7200,294.1500
8,f,,,20.0700,291.1600
8,f,,,20.7200,288.2100
8,f,,,22.5200,287.1900
8,f,,,24.3300,288.2100
8,f,,,24.9800,291.1600
8,f,,,24.3300,294.1500
8,f,,,22.5200,295.1900
8,f,,,23.1300,294.0200
8,f,,,23.6000,293.4700
8,f,,,23.9100,292.5300
8,f,,,24.0100,291.1700
8,f,,,23.9100,289.8100
8,f,,,23.6000,288.8900
8,f,,,23.1300,288.3600
8,f,,,22.5200,288.1900
8,f,,,21.9200,288.3600
8,f,,,21.4400,288.8900
8,f,,,21.1300,289.8100
8,f,,,21.0200,291.1700
8,f,,,21.4400,293.4700
8,f,,,22.5200,294.1900
9,s,0.0000|0.0000|0.0000,0.7142860293388367,27.5430,248.0820
9,s,0.0000|0.0000|0.0000,0.7142860293388367,32.5508,248.0820
10,f,,,16.7600,249.0800
10,f,,,17.2800,248.9700
10,f,,,17.7000,248.6600
10,f,,,17.9900,248.1800
10,f,,,18.0900,247.5500
10,f,,,17.7400,246.4700
10,f,,,16.6600,246.0800
10,f,,,15.8800,246.2900
10,f,,,15.0700,247.0000
10,f,,,15.5900,248.5500
10,f,,,16.7600,249.0800
10,f,,,17.7600,243.2400
10,f,,,17.0700,243.0800
10,f,,,16.3100,243.2300
10,f,,,15.6700,243.7100
10,f,,,15.2400,244.6000
10,f,,,15.0600,246.0500
10,f,,,15.8900,245.3500
10,f,,,16.8400,245.0800
10,f,,,18.4300,245.6900
10,f,,,19.0200,247.5300
10,f,,,18.8400,248.5600
10,f,,,18.3500,249.3700
10,f,,,17.6300,249.8900
10,f,,,16.7600,250.0800
10,f,,,15.7100,249.8500
10,f,,,14.8800,249.1600
10,f,,,14.3200,247.9900
10,f,,,14.1200,246.3800
10,f,,,14.3600,244.3900
10,f,,,15.0100,243.0600
10,f,,,15.9400,242.3100
10,f,,,17.0200,242.0800
10,f,,,18.1000,242.3600
10,f,,,18.8800,243.0600
10,f,,,18.3200,243.6700
10,f,,,20.7200,249.0400
10,f,,,20.0700,246.0500
10,f,,,20.7200,243.1000
10,f,,,22.5200,242.0800
10,f,,,24.3300,243.1000
10,f,,,24.9800,246.0500
10,f,,,24.3300,249.0400
10,f,,,22.5200,250.0800
10,f,,,23.1300,248.9100
10,f,,,23.6000,248.3600
10,f,,,23.9100,247.4200
10,f,,,24.0100,246.0600
10,f,,,23.9100,244.7000
10,f,,,23.6000,243.7800
10,f,,,23.1300,243.2500
10,f,,,22.5200,243.0800
10,f,,,21.9200,243.2500
10,f,,,21.4400,243.7800
10,f,,,21.1300,244.7000
10,f,,,21.0200,246.0600
10,f,,,21.4400,248.3600
10,f,,,22.5200,249.0800
11,s,0.0000|0.0000|0.0000,0.7142860293388367,27.5430,201.9727
11,s,0.0000|0.0000|0.0000,0.7142860293388367,32.5508,201.9727
12,f,,,14.9200,201.5600
12,f,,,15.0400,202.1300
12,f,,,15.3900,202.5700
12,f,,,15.9200,202.8700
12,f,,,16.5700,202.9700
12,f,,,17.6600,202.6100
12,f,,,18.0700,201.6900
12,f,,,17.9000,201.0700
12,f,,,17.4400,200.6300
12,f,,,16.7700,200.2800
12,f,,,15.9900,199.9700
12,f,,,15.2200,200.6700
12,f,,,14.9200,201.5600
12,f,,,17.6700,198.8700
12,f,,,17.8800,198.1600
12,f,,,17.5300,197.3100
12,f,,,16.5600,196.9700
12,f,,,15.6600,197.2700
12,f,,,15.3200,198.0600
12,f,,,15.4600,198.5800
12,f,,,15.8500,198.9700
12,f,,,16.4200,199.2700
12,f,,,17.0900,199.5200
12,f,,,14.1600,200.6200
12,f,,,14.4900,199.9200
12,f,,,14.9400,199.3800
12,f,,,15.4800,198.9700
12,f,,,15.4800,198.9400
12,f,,,14.7300,198.3500
12,f,,,14.4000,197.5300
12,f,,,14.5700,196.8900
12,f,,,15.0300,196.4100
12,f,,,15.7100,196.0900
12,f,,,16.5700,195.9700
12,f,,,17.4800,196.1400
12,f,,,18.1500,196.6300
12,f,,,18.5900,197.3900
12,f,,,18.7400,198.3600
12,f,,,18.6300,199.0200
12,f,,,18.3800,199.6300
12,f,,,18.0400,200.1300
12,f,,,17.6800,200.5200
12,f,,,17.6800,200.5600
12,f,,,18.1700,200.8400
12,f,,,18.6000,201.2000
12,f,,,18.9000,201.6500
12,f,,,19.0100,202.2400
12,f,,,18.8300,202.9200
12,f,,,18.3300,203.4700
12,f,,,17.5500,203.8400
12,f,,,16.5400,203.9700
12,f,,,15.5300,203.7800
12,f,,,14.7400,203.2600
12,f,,,14.2200,202.4600
12,f,,,14.0200,201.4500
12,f,,,20.7200,202.9300
12,f,,,20.0700,199.9400
12,f,,,20.7200,196.9900
12,f,,,22.5200,195.9700
12,f,,,24.3300,196.9900
12,f,,,24.9800,199.9400
12,f,,,24.3300,202.9300
12,f,,,22.5200,203.9700
12,f,,,23.1300,202.8000
12,f,,,23.6000,202.2500
12,f,,,23.9100,201.3100
12,f,,,24.0100,199.9500
12,f,,,23.9100,198.5900
12,f,,,23.6000,197.6700
12,f,,,23.1300,197.1400
12,f,,,22.5200,196.9700
12,f,,,21.9200,197.1400
12,f,,,21.4400,197.6700
12,f,,,21.1300,198.5900
12,f,,,21.0200,199.9500
12,f,,,21.4400,202.2500
12,f,,,22.5200,202.9700
13,s,0.0000|0.0000|0.0000,0.7142860293388367,27.5430,156.8711
13,s,0.0000|0.0000|0.0000,0.7142860293388367,32.5508,156.8711
14,f,,,8.4900,157.8700
14,f,,,10.2400,157.8700
14,f,,,10.2400,152.8700
14,f,,,8.8500,152.8700
14,f,,,8.8500,151.8700
14,f,,,9.7700,151.4600
14,f,,,10.4600,150.8700
14,f,,,11.2300,150.8700
14,f,,,11.2300,157.8700
14,f,,,12.8100,157.8700
14,f,,,12.8100,158.8700
14,f,,,8.4900,158.8700
14,f,,,8.4900,157.8700
14,f,,,14.7200,157.8300
14,f,,,14.0700,154.8400
14,f,,,14.7200,151.8900
14,f,,,16.5200,150.8700
14,f,,,18.3300,151.8900
14,f,,,18.9800,154.8400
14,f,,,18.3300,157.8300
14,f,,,16.5200,158.8700
14,f,,,17.1300,157.7000
14,f,,,17.6000,157.1500
14,f,,,17.9100,156.2100
14,f,,,18.0100,154.8500
14,f,,,17.9100,153.4900
14,f,,,17.6000,152.5700
14,f,,,17.1300,152.0400
14,f,,,16.5200,151.8700
14,f,,,15.9200,152.0400
14,f,,,15.4400,152.5700
14,f,,,15.1300,153.4900
14,f,,,15.0200,154.8500
14,f,,,15.4400,157.1500
14,f,,,16.5200,157.8700
14,f,,,20.7200,157.8300
14,f,,,20.0700,154.8400
14,f,,,20.7200,151.8900
14,f,,,22.5200,150.8700
14,f,,,24.3300,151.8900
14,f,,,24.9800,154.8400
14,f,,,24.3300,157.8300
14,f,,,22.5200,158.8700
14,f,,,23.1300,157.7000
14,f,,,23.6000,157.1500
14,f,,,23.9100,156.2100
14,f,,,24.0100,154.8500
14,f,,,23.9100,153.4900
14,f,,,23.6000,152.5700
14,f,,,23.1300,152.0400
14,f,,,22.5200,151.8700
14,f,,,21.9200,152.0400
14,f,,,21.4400,152.5700
14,f,,,21.1300,153.4900
14,f,,,21.0200,154.8500
14,f,,,21.4400,157.1500
14,f,,,22.5200,157.8700
15,s,0.0000|0.0000|0.0000,0.7142860293388367,27.5430,110.7617
15,s,0.0000|0.0000|0.0000,0.7142860293388367,32.5508,110.7617
16,f,,,8.4900,111.7600
16,f,,,10.2400,111.7600
16,f,,,10.2400,106.7600
16,f,,,8.8500,106.7600
16,f,,,8.8500,105.7600
16,f,,,9.7700,105.3500
16,f,,,10.4600,104.7600
16,f,,,11.2300,104.7600
16,f,,,11.2300,111.7600
16,f,,,12.8100,111.7600
16,f,,,12.8100,112.7600
16,f,,,8.4900,112.7600
16,f,,,8.4900,111.7600
16,f,,,15.5600,110.5000
16,f,,,16.6800,109.2400
16,f,,,17.3800,108.1700
16,f,,,17.6200,107.2300
16,f,,,17.2600,106.1700
16,f,,,16.1600,105.7600
16,f,,,15.2700,106.0300
16,f,,,14.5400,106.6800
16,f,,,13.9800,106.1200
16,f,,,14.9900,105.1600
16,f,,,16.2900,104.7600
16,f,,,17.9700,105.3800
16,f,,,18.5900,107.0400
16,f,,,18.3500,108.1300
16,f,,,17.7000,109.2700
16,f,,,16.7200,110.4900
16,f,,,15.4600,111.8400
16,f,,,16.1100,111.7800
16,f,,,16.7400,111.7600
16,f,,,18.9600,111.7600
16,f,,,18.9600,112.7600
16,f,,,14.0200,112.7600
16,f,,,14.0200,112.0300
16,f,,,20.7200,111.7200
16,f,,,20.0700,108.7300
16,f,,,20.7200,105.7800
16,f,,,22.5200,104.7600
16,f,,,24.3300,105.7800
16,f,,,24.9800,108.7300
16,f,,,24.3300,111.7200
16,f,,,22.5200,112.7600
16,f,,,23.1300,111.5900
16,f,,,23.6000,111.0400
16,f,,,23.9100,110.1000
16,f,,,24.0100,108.7400
16,f,,,23.9100,107.3800
16,f,,,23.6000,106.4600
16,f,,,23.1300,105.9300
16,f,,,22.5200,105.7600
16,f,,,21.9200,105.9300
16,f,,,21.4400,106.4600
16,f,,,21.1300,107.3800
16,f,,,21.0200,108.7400
16,f,,,21.4400,111.0400
16,f,,,22.5200,111.7600
17,s,0.0000|0.0000|0.0000,0.7142860293388367,27.5430,65.6562
17,s,0.0000|0.0000|0.0000,0.7142860293388367,32.5508,65.6562
18,f,,,8.4900,66.6500
18,f,,,10.2400,66.6500
18,f,,,10.2400,61.6500
18,f,,,8.8500,61.6500
18,f,,,8.8500,60.6500
18,f,,,9.7700,60.2400
18,f,,,10.4600,59.6500
18,f,,,11.2300,59.6500
18,f,,,11.2300,66.6500
18,f,,,12.8100,66.6500
18,f,,,12.8100,67.6500
18,f,,,8.4900,67.6500
18,f,,,8.4900,66.6500
18,f,,,17.1800,62.2400
18,f,,,17.2000,61.4500
18,f,,,17.2400,60.6500
18,f,,,17.2000,60.6500
18,f,,,16.9000,61.2400
18,f,,,16.5700,61.8200
18,f,,,14.7900,64.6500
18,f,,,17.1800,64.6500
18,f,,,18.1200,65.6500
18,f,,,18.1200,67.6500
18,f,,,17.1800,67.6500
18,f,,,17.1800,65.6500
18,f,,,13.7400,65.6500
18,f,,,13.7400,64.7900
18,f,,,17.0200,59.6500
18,f,,,18.1200,59.6500
18,f,,,18.1200,64.6500
18,f,,,19.1600,64.6500
18,f,,,19.1600,65.6500
18,f,,,20.7200,66.6100
18,f,,,20.0700,63.6200
18,f,,,20.7200,60.6700
18,f,,,22.5200,59.6500
18,f,,,24.3300,60.6700
18,f,,,24.9800,63.6200
18,f,,,24.3300,66.6100
18,f,,,22.5200,67.6500
18,f,,,23.1300,66.4800
18,f,,,23.6000,65.9300
18,f,,,23.9100,64.9900
18,f,,,24.0100,63.6300
18,f,,,23.9100,62.2700
18,f,,,23.6000,61.3500
18,f,,,23.1300,60.8200
18,f,,,22.5200,60.6500
18,f,,,21.9200,60.8200
18,f,,,21.4400,61.3500
18,f,,,21.1300,62.2700
18,f,,,21.0200,63.6300
18,f,,,21.4400,65.9300
18,f,,,22.5200,66.6500
19,s,0.0000|0.0000|0.0000,0.7142860293388367,27.5430,19.5508
19,s,0.0000|0.0000|0.0000,0.7142860293388367,32.5508,19.5508
20,f,,,8.4900,20.5500
20,f,,,10.2400,20.5500
20,f,,,10.2400,15.5500
20,f,,,8.8500,15.5500
20,f,,,8.8500,14.5500
20,f,,,9.7700,14.1400
20,f,,,10.4600,13.5500
20,f,,,11.2300,13.5500
20,f,,,11.2300,20.5500
20,f,,,12.8100,20.5500
20,f,,,12.8100,21.5500
20,f,,,8.4900,21.5500
20,f,,,8.4900,20.5500
20,f,,,17.2800,20.4400
20,f,,,17.7000,20.1300
20,f,,,17.9900,19.6500
20,f,,,18.0900,19.0200
20,f,,,17.7400,17.9400
20,f,,,16.6600,17.5500
20,f,,,15.8800,17.7600
20,f,,,15.0700,18.4700
20,f,,,15.5900,20.0200
20,f,,,16.7600,20.5500
20,f,,,17.7600,14.7100
20,f,,,17.0700,14.5500
20,f,,,16.3100,14.7000
20,f,,,15.6700,15.1800
20,f,,,15.2400,16.0700
20,f,,,15.0600,17.5200
20,f,,,15.8900,16.8200
20,f,,,16.8400,16.5500
20,f,,,18.4300,17.1600
20,f,,,19.0200,19.0000
20,f,,,18.8400,20.0300
20,f,,,18.3500,20.8400
20,f,,,17.6300,21.3600
20,f,,,16.7600,21.5500
20,f,,,15.7100,21.3200
20,f,,,14.8800,20.6300
20,f,,,14.3200,19.4600
20,f,,,14.1200,17.8500
20,f,,,14.3600,15.8600
20,f,,,15.0100,14.5300
20,f,,,15.9400,13.7800
20,f,,,17.0200,13.5500
20,f,,,18.1000,13.8300
20,f,,,18.8800,14.5300
20,f,,,18.3200,15.1400
20,f,,,20.7200,20.5100
20,f,,,20.0700,17.5200
20,f,,,20.7200,14.5700
20,f,,,22.5200,13.5500
20,f,,,24.3300,14.5700
20,f,,,24.9800,17.5200
20,f,,,24.3300,20.5100
20,f,,,22.5200,21.5500
20,f,,,23.1300,20.3800
20,f,,,23.6000,19.8300
20,f,,,23.9100,18.8900
20,f,,,24.0100,17.5300
20,f,,,23.9100,16.1700
20,f,,,23.6000,15.2500
20,f,,,23.1300,14.7200
20,f,,,22.5200,14.5500
20,f,,,21.9200,14.7200
20,f,,,21.4400,15.2500
20,f,,,21.1300,16.1700
20,f,,,21.0200,17.5300
20,f,,,21.4400,19.8300
20,f,,,22.5200,20.5500
21,s,0.0000|0.0000|0.0000,0.7142860293388367,32.5508,384.3984
21,s,0.0000|0.0000|0.0000,0.7142860293388367,657.4688,384.3984
22,f,,,314.8700,416.4500
22,f,,,317.0100,416.4500
22,f,,,317.0100,404.4500
22,f,,,314.8700,404.4500
22,f,,,314.8700,416.4500
22,f,,,325.8700,407.4500
22,f,,,325.8700,408.7900
22,f,,,323.2300,407.4500
22,f,,,318.8700,411.9800
22,f,,,323.1800,416.4500
22,f,,,325.8700,415.0700
22,f,,,325.8700,416.4500
22,f,,,328.0100,416.4500
22,f,,,328.0100,407.4500
22,f,,,325.8700,412.0100
22,f,,,325.2800,413.7200
22,f,,,323.4600,414.4700
22,f,,,321.0100,412.0300
22,f,,,323.4300,409.4300
22,f,,,332.0100,416.4500
22,f,,,332.0100,412.1500
22,f,,,332.2600,410.3400
22,f,,,333.9500,409.4300
22,f,,,335.4600,409.9800
22,f,,,335.8700,411.6500
22,f,,,335.8700,416.4500
22,f,,,338.0100,416.4500
22,f,,,338.0100,412.1500
22,f,,,338.2800,410.2800
22,f,,,339.5700,409.4300
22,f,,,340.6700,409.9700
22,f,,,341.0100,411.6500
22,f,,,341.0100,416.4500
22,f,,,343.1500,416.4500
22,f,,,343.1500,411.3700
22,f,,,342.6000,408.8400
22,f,,,339.7400,407.4500
22,f,,,337.1500,408.8600
22,f,,,334.3900,407.4500
22,f,,,332.0100,408.5100
22,f,,,332.0100,407.4500
22,f,,,329.8700,407.4500
22,f,,,329.8700,416.4500
22,f,,,347.0100,416.4500
22,f,,,347.0100,415.0900
22,f,,,349.8700,416.4500
22,f,,,353.1200,414.9700
22,f,,,354.1500,411.9500
22,f,,,349.7300,407.4500
22,f,,,347.0100,408.6100
22,f,,,347.0100,404.4500
22,f,,,344.8700,404.4500
22,f,,,344.8700,416.4500
22,f,,,352.0100,411.9500
22,f,,,349.4600,414.4700
22,f,,,347.0100,411.9500
22,f,,,349.4200,409.4300
22,f,,,362.8700,404.4500
22,f,,,362.8700,408.5700
22,f,,,360.2100,407.4500
22,f,,,355.8700,411.9800
22,f,,,360.2300,416.4500
22,f,,,362.8700,415.0700
22,f,,,362.8700,416.4500
22,f,,,365.0100,416.4500
22,f,,,365.0100,404.4500
22,f,,,362.8700,411.9500
22,f,,,360.5400,414.4700
22,f,,,358.0100,411.9000
22,f,,,360.4900,409.4300
22,f,,,373.8700,407.4500
22,f,,,373.8700,408.7900
22,f,,,371.2300,407.4500
22,f,,,366.8700,411.9800
22,f,,,371.1800,416.4500
22,f,,,373.8700,415.0700
22,f,,,373.8700,416.4500
22,f,,,376.0100,416.4500
22,f,,,376.0100,407.4500
22,f,,,373.8700,412.0100
22,f,,,373.2800,413.7200
22,f,,,371.4600,414.4700
22,f,,,369.0100,412.0300
22,f,,,371.4300,409.4300
23,s,0.0000|0.0000|0.0000,0.7142860293388367,32.5508,389.4102
23,s,0.0000|0.0000|0.0000,0.7142860293388367,32.5508,384.3984
24,f,,,19.3300,397.5400
24,f,,,20.1300,398.1500
24,f,,,21.2700,398.4200
24,f,,,21.9200,398.3100
24,f,,,22.4500,398.0000
24,f,,,22.8100,397.5100
24,f,,,22.9400,396.8900
24,f,,,22.5000,395.8100
24,f,,,21.3200,395.4200
24,f,,,20.6300,395.5400
24,f,,,20.0000,395.8900
24,f,,,19.4700,395.5600
24,f,,,19.7200,391.4200
24,f,,,23.5500,391.4200
24,f,,,23.5500,392.4200
24,f,,,20.6000,392.4200
24,f,,,20.3900,394.7300
24,f,,,20.9300,394.5000
24,f,,,21.5700,394.4200
24,f,,,22.4900,394.5600
24,f,,,23.2500,395.0000
24,f,,,23.7500,395.7500
24,f,,,23.9400,396.8300
24,f,,,23.7200,397.9300
24,f,,,23.1400,398.7400
24,f,,,22.3200,399.2500
24,f,,,21.3600,399.4200
24,f,,,20.5300,399.3100
24,f,,,19.8400,399.0200
24,f,,,19.2800,398.6200
24,f,,,18.8500,398.1900
24,f,,,19.3300,397.5400
24,f,,,25.3200,395.1700
24,f,,,25.9200,394.2200
24,f,,,26.7500,393.6200
24,f,,,27.7200,393.4200
24,f,,,28.7100,393.6000
24,f,,,29.4400,394.1100
24,f,,,29.8900,394.9000
24,f,,,30.0500,395.9200
24,f,,,30.0000,396.4200
24,f,,,26.0800,396.4200
24,f,,,26.6500,397.8800
24,f,,,28.0200,398.4200
24,f,,,28.7900,398.2900
24,f,,,29.4700,397.9500
24,f,,,29.8200,398.6700
24,f,,,28.9700,399.1900
24,f,,,27.8900,399.4200
24,f,,,26.8000,399.2200
24,f,,,25.9100,398.6300
24,f,,,25.3200,397.6900
24,f,,,25.1000,396.4400
24,f,,,28.8000,394.6800
24,f,,,27.7400,394.4200
24,f,,,27.1400,394.4900
24,f,,,26.6400,394.6900
24,f,,,26.2600,395.0000
24,f,,,26.0700,395.4200
24,f,,,29.1700,395.4200
24,f,,,33.8000,395.4200
24,f,,,33.8000,396.4200
24,f,,,31.0300,396.4200
24,f,,,31.0300,395.4200
24,f,,,35.7300,398.3800
24,f,,,35.0800,395.3900
24,f,,,35.7300,392.4400
24,f,,,37.5300,391.4200
24,f,,,39.3400,392.4400
24,f,,,39.9900,395.3900
24,f,,,39.3400,398.3800
24,f,,,37.5300,399.4200
24,f,,,38.1400,398.2500
24,f,,,38.6100,397.7000
24,f,,,38.9200,396.7600
24,f,,,39.0200,395.4000
24,f,,,38.9200,394.0400
24,f,,,38.6100,393.1200
24,f,,,38.1400,392.5900
24,f,,,37.5300,392.4200
24,f,,,36.9300,392.5900
24,f,,,36.4500,393.1200
24,f,,,36.1400,394.0400
24,f,,,36.0300,395.4000
24,f,,,36.4500,397.7000
24,f,,,37.5300,398.4200
24,f,,,42.8600,397.3800
24,f,,,43.2600,395.6200
24,f,,,43.9300,394.0100
24,f,,,44.8900,392.4200
24,f,,,41.0800,392.4200
24,f,,,41.0800,391.4200
24,f,,,46.0000,391.4200
24,f,,,46.0000,392.1900
24,f,,,44.9000,393.8900
24,f,,,44.2200,395.5400
24,f,,,43.8500,397.3300
24,f,,,43.6900,399.4200
24,f,,,42.6700,399.4200
25,s,0.0000|0.0000|0.0000,0.7142860293388367,110.6680,389.4102
25,s,0.0000|0.0000|0.0000,0.7142860293388367,110.6680,384.3984
26,f,,,93.4400,397.5400
26,f,,,94.2400,398.1500
26,f,,,95.3800,398.4200
26,f,,,96.0300,398.3100
26,f,,,96.5600,398.0000
26,f,,,96.9200,397.5100
26,f,,,97.0500,396.8900
26,f,,,96.6100,395.8100
26,f,,,95.4300,395.4200
26,f,,,94.7400,395.5400
26,f,,,94.1100,395.8900
26,f,,,93.5800,395.5600
26,f,,,93.8300,391.4200
26,f,,,97.6600,391.4200
26,f,,,97.6600,392.4200
26,f,,,94.7100,392.4200
26,f,,,94.5000,394.7300
26,f,,,95.0400,394.5000
26,f,,,95.6800,394.4200
26,f,,,96.6000,394.5600
26,f,,,97.3600,395.0000
26,f,,,97.8600,395.7500
26,f,,,98.0500,396.8300
26,f,,,97.8300,397.9300
26,f,,,97.2500,398.7400
26,f,,,96.4300,399.2500
26,f,,,95.4700,399.4200
26,f,,,94.6400,399.3100
26,f,,,93.9500,399.0200
26,f,,,93.3900,398.6200
26,f,,,92.9600,398.1900
26,f,,,93.4400,397.5400
26,f,,,99.6500,397.7000
26,f,,,100.1600,397.4200
26,f,,,100.6500,397.7000
26,f,,,100.8600,398.4400
26,f,,,100.6500,399.1400
26,f,,,100.1600,399.4200
26,f,,,99.6500,399.1400
26,f,,,99.4400,398.4400
26,f,,,103.2400,398.1500
26,f,,,104.3800,398.4200
26,f,,,105.0300,398.3100
26,f,,,105.5600,398.0000
26,f,,,105.9200,397.5100
26,f,,,106.0500,396.8900
26,f,,,105.6100,395.8100
26,f,,,104.4300,395.4200
26,f,,,103.7400,395.5400
26,f,,,103.1100,395.8900
26,f,,,102.5800,395.5600
26,f,,,102.8300,391.4200
26,f,,,106.6600,391.4200
26,f,,,106.6600,392.4200
26,f,,,103.7100,392.4200
26,f,,,103.5000,394.7300
26,f,,,104.0400,394.5000
26,f,,,104.6800,394.4200
26,f,,,105.6000,394.5600
26,f,,,106.3600,395.0000
26,f,,,106.8600,395.7500
26,f,,,107.0500,396.8300
26,f,,,106.8300,397.9300
26,f,,,106.2500,398.7400
26,f,,,105.4300,399.2500
26,f,,,104.4700,399.4200
26,f,,,103.6400,399.3100
26,f,,,102.9500,399.0200
26,f,,,102.3900,398.6200
26,f,,,101.9600,398.1900
26,f,,,102.4400,397.5400
26,f,,,108.4300,395.1700
26,f,,,109.0300,394.2200
26,f,,,109.8600,393.6200
26,f,,,110.8300,393.4200
26,f,,,111.8200,393.6000
26,f,,,112.5500,394.1100
26,f,,,113.0000,394.9000
26,f,,,113.1600,395.9200
26,f,,,113.1100,396.4200
26,f,,,109.1900,396.4200
26,f,,,109.7600,397.8800
26,f,,,111.1300,398.4200
26,f,,,111.9000,398.2900
26,f,,,112.5800,397.9500
26,f,,,112.9300,398.6700
26,f,,,112.0800,399.1900
26,f,,,111.0000,399.4200
26,f,,,109.9100,399.2200
26,f,,,109.0200,398.6300
26,f,,,108.4300,397.6900
26,f,,,108.2100,396.4400
26,f,,,111.9100,394.6800
26,f,,,110.8500,394.4200
26,f,,,110.2500,394.4900
26,f,,,109.7500,394.6900
26,f,,,109.3700,395.0000
26,f,,,109.1800,395.4200
26,f,,,112.2800,395.4200
26,f,,,116.9100,395.4200
26,f,,,116.9100,396.4200
26,f,,,114.1400,396.4200
26,f,,,114.1400,395.4200
26,f,,,118.8400,398.3800
26,f,,,118.1900,395.3900
26,f,,,118.8400,392.4400
26,f,,,120.6400,391.4200
26,f,,,122.4500,392.4400
26,f,,,123.1000,395.3900
26,f,,,122.4500,398.3800
26,f,,,120.6400,399.4200
26,f,,,121.2500,398.2500
26,f,,,121.7200,397.7000
26,f,,,122.0300,396.7600
26,f,,,122.1300,395.4000
26,f,,,122.0300,394.0400
26,f,,,121.7200,393.1200
26,f,,,121.2500,392.5900
26,f,,,120.6400,392.4200
26,f,,,120.0400,392.5900
26,f,,,119.5600,393.1200
26,f,,,119.2500,394.0400
26,f,,,119.1400,395.4000
26,f,,,119.5600,397.7000
26,f,,,120.6400,398.4200
26,f,,,125.9700,397.3800
26,f,,,126.3700,395.6200
26,f,,,127.0400,394.0100
26,f,,,128.0000,392.4200
26,f,,,124.1900,392.4200
26,f,,,124.1900,391.4200
26,f,,,129.1100,391.4200
26,f,,,129.1100,392.1900
26,f,,,128.0100,393.8900
26,f,,,127.3300,395.5400
26,f,,,126.9600,397.3300
26,f,,,126.8000,399.4200
26,f,,,125.7800,399.4200
27,s,0.0000|0.0000|0.0000,0.7142860293388367,188.7812,389.4102
27,s,0.0000|0.0000|0.0000,0.7142860293388367,188.7812,384.3984
28,f,,,178.0000,398.4200
28,f,,,178.5200,398.3100
28,f,,,178.9400,398.0000
28,f,,,179.2300,397.5200
28,f,,,179.3300,396.8900
28,f,,,178.9800,395.8100
28,f,,,177.9000,395.4200
28,f,,,177.1200,395.6300
28,f,,,176.3100,396.3400
28,f,,,176.8300,397.8900
28,f,,,178.0000,398.4200
28,f,,,179.0000,392.5800
28,f,,,178.3100,392.4200
28,f,,,177.5500,392.5700
28,f,,,176.9100,393.0500
28,f,,,176.4800,393.9400
28,f,,,176.3000,395.3900
28,f,,,177.1300,394.6900
28,f,,,178.0800,394.4200
28,f,,,179.6700,395.0300
28,f,,,180.2600,396.8700
28,f,,,180.0800,397.9000
28,f,,,179.5900,398.7100
28,f,,,178.8700,399.2300
28,f,,,178.0000,399.4200
28,f,,,176.9500,399.1900
28,f,,,176.1200,398.5000
28,f,,,175.5600,397.3300
28,f,,,175.3600,395.7200
28,f,,,175.6000,393.7300
28,f,,,176.2500,392.4000
28,f,,,177.1800,391.6500
28,f,,,178.2600,391.4200
28,f,,,179.3400,391.7000
28,f,,,180.1200,392.4000
28,f,,,179.5600,393.0100
28,f,,,181.5500,395.1700
28,f,,,182.1500,394.2200
28,f,,,182.9800,393.6200
28,f,,,183.9500,393.4200
28,f,,,184.9400,393.6000
28,f,,,185.6700,394.1100
28,f,,,186.1200,394.9000
28,f,,,186.2800,395.9200
28,f,,,186.2300,396.4200
28,f,,,182.3100,396.4200
28,f,,,182.8800,397.8800
28,f,,,184.2500,398.4200
28,f,,,185.0200,398.2900
28,f,,,185.7000,397.9500
28,f,,,186.0500,398.6700
28,f,,,185.2000,399.1900
28,f,,,184.1200,399.4200
28,f,,,183.0300,399.2200
28,f,,,182.1400,398.6300
28,f,,,181.5500,397.6900
28,f,,,181.3300,396.4400
28,f,,,185.0300,394.6800
28,f,,,183.9700,394.4200
28,f,,,183.3700,394.4900
28,f,,,182.8700,394.6900
28,f,,,182.4900,395.0000
28,f,,,182.3000,395.4200
28,f,,,185.4000,395.4200
28,f,,,190.0300,395.4200
28,f,,,190.0300,396.4200
28,f,,,187.2600,396.4200
28,f,,,187.2600,395.4200
28,f,,,191.9600,398.3800
28,f,,,191.3100,395.3900
28,f,,,191.9600,392.4400
28,f,,,193.7600,391.4200
28,f,,,195.5700,392.4400
28,f,,,196.2200,395.3900
28,f,,,195.5700,398.3800
28,f,,,193.7600,399.4200
28,f,,,194.3700,398.2500
28,f,,,194.8400,397.7000
28,f,,,195.1500,396.7600
28,f,,,195.2500,395.4000
28,f,,,195.1500,394.0400
28,f,,,194.8400,393.1200
28,f,,,194.3700,392.5900
28,f,,,193.7600,392.4200
28,f,,,193.1600,392.5900
28,f,,,192.6800,393.1200
28,f,,,192.3700,394.0400
28,f,,,192.2600,395.4000
28,f,,,192.6800,397.7000
28,f,,,193.7600,398.4200
28,f,,,199.0900,397.3800
28,f,,,199.4900,395.6200
28,f,,,200.1600,394.0100
28,f,,,201.1200,392.4200
28,f,,,197.3100,392.4200
28,f,,,197.3100,391.4200
28,f,,,202.2300,391.4200
28,f,,,202.2300,392.1900
28,f,,,201.1300,393.8900
28,f,,,200.4500,395.5400
28,f,,,200.0800,397.3300
28,f,,,199.9200,399.4200
28,f,,,198.9000,399.4200
29,s,0.0000|0.0000|0.0000,0.7142860293388367,266.8945,389.4102
29,s,0.0000|0.0000|0.0000,0.7142860293388367,266.8945,384.3984
30,f,,,252.1100,398.4200
30,f,,,252.6300,398.3100
30,f,,,253.0500,398.0000
30,f,,,253.3400,397.5200
30,f,,,253.4400,396.8900
30,f,,,253.0900,395.8100
30,f,,,252.0100,395.4200
30,f,,,251.2300,395.6300
30,f,,,250.4200,396.3400
30,f,,,250.9400,397.8900
30,f,,,252.1100,398.4200
30,f,,,253.1100,392.5800
30,f,,,252.4200,392.4200
30,f,,,251.6600,392.5700
30,f,,,251.0200,393.0500
30,f,,,250.5900,393.9400
30,f,,,250.4100,395.3900
30,f,,,251.2400,394.6900
30,f,,,252.1900,394.4200
30,f,,,253.7800,395.0300
30,f,,,254.3700,396.8700
30,f,,,254.1900,397.9000
30,f,,,253.7000,398.7100
30,f,,,252.9800,399.2300
30,f,,,252.1100,399.4200
30,f,,,251.0600,399.1900
30,f,,,250.2300,398.5000
30,f,,,249.6700,397.3300
30,f,,,249.4700,395.7200
30,f,,,249.7100,393.7300
30,f,,,250.3600,392.4000
30,f,,,251.2900,391.6500
30,f,,,252.3700,391.4200
30,f,,,253.4500,391.7000
30,f,,,254.2300,392.4000
30,f,,,253.6700,393.0100
30,f,,,255.8800,397.7000
30,f,,,256.3900,397.4200
30,f,,,256.8800,397.7000
30,f,,,257.0900,398.4400
30,f,,,256.8800,399.1400
30,f,,,256.3900,399.4200
30,f,,,255.8800,399.1400
30,f,,,255.6700,398.4400
30,f,,,259.4700,398.1500
30,f,,,260.6100,398.4200
30,f,,,261.2600,398.3100
30,f,,,261.7900,398.0000
30,f,,,262.1500,397.5100
30,f,,,262.2800,396.8900
30,f,,,261.8400,395.8100
30,f,,,260.6600,395.4200
30,f,,,259.9700,395.5400
30,f,,,259.3400,395.8900
30,f,,,258.8100,395.5600
30,f,,,259.0600,391.4200
30,f,,,262.8900,391.4200
30,f,,,262.8900,392.4200
30,f,,,259.9400,392.4200
30,f,,,259.7300,394.7300
30,f,,,260.2700,394.5000
30,f,,,260.9100,394.4200
30,f,,,261.8300,394.5600
30,f,,,262.5900,395.0000
30,f,,,263.0900,395.7500
30,f,,,263.2800,396.8300
30,f,,,263.0600,397.9300
30,f,,,262.4800,398.7400
30,f,,,261.6600,399.2500
30,f,,,260.7000,399.4200
30,f,,,259.8700,399.3100
30,f,,,259.1800,399.0200
30,f,,,258.6200,398.6200
30,f,,,258.1900,398.1900
30,f,,,258.6700,397.5400
30,f,,,264.6600,395.1700
30,f,,,265.2600,394.2200
30,f,,,266.0900,393.6200
30,f,,,267.0600,393.4200
30,f,,,268.0500,393.6000
30,f,,,268.7800,394.1100
30,f,,,269.2300,394.9000
30,f,,,269.3900,395.9200
30,f,,,269.3400,396.4200
30,f,,,265.4200,396.4200
30,f,,,265.9900,397.8800
30,f,,,267.3600,398.4200
30,f,,,268.1300,398.2900
30,f,,,268.8100,397.9500
30,f,,,269.1600,398.6700
30,f,,,268.3100,399.1900
30,f,,,267.2300,399.4200
30,f,,,266.1400,399.2200
30,f,,,265.2500,398.6300
30,f,,,264.6600,397.6900
30,f,,,264.4400,396.4400
30,f,,,268.1400,394.6800
30,f,,,267.0800,394.4200
30,f,,,266.4800,394.4900
30,f,,,265.9800,394.6900
30,f,,,265.6000,395.0000
30,f,,,265.4100,395.4200
30,f,,,268.5100,395.4200
30,f,,,273.1400,395.4200
30,f,,,273.1400,396.4200
30,f,,,270.3700,396.4200
30,f,,,270.3700,395.4200
30,f,,,275.0700,398.3800
30,f,,,274.4200,395.3900
30,f,,,275.0700,392.4400
30,f,,,276.8700,391.4200
30,f,,,278.6800,392.4400
30,f,,,279.3300,395.3900
30,f,,,278.6800,398.3800
30,f,,,276.8700,399.4200
30,f,,,277.4800,398.2500
30,f,,,277.9500,397.7000
30,f,,,278.2600,396.7600
30,f,,,278.3600,395.4000
30,f,,,278.2600,394.0400
30,f,,,277.9500,393.1200
30,f,,,277.4800,392.5900
30,f,,,276.8700,392.4200
30,f,,,276.2700,392.5900
30,f,,,275.7900,393.1200
30,f,,,275.4800,394.0400
30,f,,,275.3700,395.4000
30,f,,,275.7900,397.7000
30,f,,,276.8700,398.4200
30,f,,,282.2000,397.3800
30,f,,,282.6000,395.6200
30,f,,,283.2700,394.0100
30,f,,,284.2300,392.4200
30,f,,,280.4200,392.4200
30,f,,,280.4200,391.4200
30,f,,,285.3400,391.4200
30,f,,,285.3400,392.1900
30,f,,,284.2400,393.8900
30,f,,,283.5600,395.5400
30,f,,,283.1900,397.3300
30,f,,,283.0300,399.4200
30,f,,,282.0100,399.4200
31,s,0.0000|0.0000|0.0000,0.7142860293388367,345.0078,389.4102
31,s,0.0000|0.0000|0.0000,0.7142860293388367,345.0078,384.3984
32,f,,,333.1300,399.4200
32,f,,,333.3200,397.3800
32,f,,,333.7200,395.6200
32,f,,,334.3900,394.0100
32,f,,,335.3500,392.4200
32,f,,,331.5400,392.4200
32,f,,,331.5400,391.4200
32,f,,,336.4600,391.4200
32,f,,,336.4600,392.1900
32,f,,,335.3600,393.8900
32,f,,,334.6800,395.5400
32,f,,,334.3100,397.3300
32,f,,,334.1500,399.4200
32,f,,,333.1300,399.4200
32,f,,,337.7800,395.1700
32,f,,,338.3800,394.2200
32,f,,,339.2100,393.6200
32,f,,,340.1800,393.4200
32,f,,,341.1700,393.6000
32,f,,,341.9000,394.1100
32,f,,,342.3500,394.9000
32,f,,,342.5100,395.9200
32,f,,,342.4600,396.4200
32,f,,,338.5400,396.4200
32,f,,,339.1100,397.8800
32,f,,,340.4800,398.4200
32,f,,,341.2500,398.2900
32,f,,,341.9300,397.9500
32,f,,,342.2800,398.6700
32,f,,,341.4300,399.1900
32,f,,,340.3500,399.4200
32,f,,,339.2600,399.2200
32,f,,,338.3700,398.6300
32,f,,,337.7800,397.6900
32,f,,,337.5600,396.4400
32,f,,,341.2600,394.6800
32,f,,,340.2000,394.4200
32,f,,,339.6000,394.4900
32,f,,,339.1000,394.6900
32,f,,,338.7200,395.0000
32,f,,,338.5300,395.4200
32,f,,,341.6300,395.4200
32,f,,,346.2600,395.4200
32,f,,,346.2600,396.4200
32,f,,,343.4900,396.4200
32,f,,,343.4900,395.4200
32,f,,,348.1900,398.3800
32,f,,,347.5400,395.3900
32,f,,,348.1900,392.4400
32,f,,,349.9900,391.4200
32,f,,,351.8000,392.4400
32,f,,,352.4500,395.3900
32,f,,,351.8000,398.3800
32,f,,,349.9900,399.4200
32,f,,,350.6000,398.2500
32,f,,,351.0700,397.7000
32,f,,,351.3800,396.7600
32,f,,,351.4800,395.4000
32,f,,,351.3800,394.0400
32,f,,,351.0700,393.1200
32,f,,,350.6000,392.5900
32,f,,,349.9900,392.4200
32,f,,,349.3900,392.5900
32,f,,,348.9100,393.1200
32,f,,,348.6000,394.0400
32,f,,,348.4900,395.4000
32,f,,,348.9100,397.7000
32,f,,,349.9900,398.4200
32,f,,,355.3200,397.3800
32,f,,,355.7200,395.6200
32,f,,,356.3900,394.0100
32,f,,,357.3500,392.4200
32,f,,,353.5400,392.4200
32,f,,,353.5400,391.4200
32,f,,,358.4600,391.4200
32,f,,,358.4600,392.1900
32,f,,,357.3600,393.8900
32,f,,,356.6800,395.5400
32,f,,,356.3100,397.3300
32,f,,,356.1500,399.4200
32,f,,,355.1300,399.4200
33,s,0.0000|0.0000|0.0000,0.7142860293388367,423.1250,389.4102
33,s,0.0000|0.0000|0.0000,0.7142860293388367,423.1250,384.3984
34,f,,,407.2500,399.4200
34,f,,,407.4400,397.3800
34,f,,,407.8400,395.6200
34,f,,,408.5100,394.0100
34,f,,,409.4700,392.4200
34,f,,,405.6600,392.4200
34,f,,,405.6600,391.4200
34,f,,,410.5800,391.4200
34,f,,,410.5800,392.1900
34,f,,,409.4800,393.8900
34,f,,,408.8000,395.5400
34,f,,,408.4300,397.3300
34,f,,,408.2700,399.4200
34,f,,,407.2500,399.4200
34,f,,,412.1200,397.7000
34,f,,,412.6300,397.4200
34,f,,,413.1200,397.7000
34,f,,,413.3300,398.4400
34,f,,,413.1200,399.1400
34,f,,,412.6300,399.4200
34,f,,,412.1200,399.1400
34,f,,,411.9100,398.4400
34,f,,,415.7100,398.1500
34,f,,,416.8500,398.4200
34,f,,,417.5000,398.3100
34,f,,,418.0300,398.0000
34,f,,,418.3900,397.5100
34,f,,,418.5200,396.8900
34,f,,,418.0800,395.8100
34,f,,,416.9000,395.4200
34,f,,,416.2100,395.5400
34,f,,,415.5800,395.8900
34,f,,,415.0500,395.5600
34,f,,,415.3000,391.4200
34,f,,,419.1300,391.4200
34,f,,,419.1300,392.4200
34,f,,,416.1800,392.4200
34,f,,,415.9700,394.7300
34,f,,,416.5100,394.5000
34,f,,,417.1500,394.4200
34,f,,,418.0700,394.5600
34,f,,,418.8300,395.0000
34,f,,,419.3300,395.7500
34,f,,,419.5200,396.8300
34,f,,,419.3000,397.9300
34,f,,,418.7200,398.7400
34,f,,,417.9000,399.2500
34,f,,,416.9400,399.4200
34,f,,,416.1100,399.3100
34,f,,,415.4200,399.0200
34,f,,,414.8600,398.6200
34,f,,,414.4300,398.1900
34,f,,,414.9100,397.5400
34,f,,,420.9000,395.1700
34,f,,,421.5000,394.2200
34,f,,,422.3300,393.6200
34,f,,,423.3000,393.4200
34,f,,,424.2900,393.6000
34,f,,,425.0200,394.1100
34,f,,,425.4700,394.9000
34,f,,,425.6300,395.9200
34,f,,,425.5800,396.4200
34,f,,,421.6600,396.4200
34,f,,,422.2300,397.8800
34,f,,,423.6000,398.4200
34,f,,,424.3700,398.2900
34,f,,,425.0500,397.9500
34,f,,,425.4000,398.6700
34,f,,,424.5500,399.1900
34,f,,,423.4700,399.4200
34,f,,,422.3800,399.2200
34,f,,,421.4900,398.6300
34,f,,,420.9000,397.6900
34,f,,,420.6800,396.4400
34,f,,,424.3800,394.6800
34,f,,,423.3200,394.4200
34,f,,,422.7200,394.4900
34,f,,,422.2200,394.6900
34,f,,,421.8400,395.0000
34,f,,,421.6500,395.4200
34,f,,,424.7500,395.4200
34,f,,,429.3800,395.4200
34,f,,,429.3800,396.4200
34,f,,,426.6100,396.4200
34,f,,,426.6100,395.4200
34,f,,,431.3100,398.3800
34,f,,,430.6600,395.3900
34,f,,,431.3100,392.4400
34,f,,,433.1100,391.4200
34,f,,,434.9200,392.4400
34,f,,,435.5700,395.3900
34,f,,,434.9200,398.3800
34,f,,,433.1100,399.4200
34,f,,,433.7200,398.2500
34,f,,,434.1900,397.7000
34,f,,,434.5000,396.7600
34,f,,,434.6000,395.4000
34,f,,,434.5000,394.0400
34,f,,,434.1900,393.1200
34,f,,,433.7200,392.5900
34,f,,,433.1100,392.4200
34,f,,,432.5100,392.5900
34,f,,,432.0300,393.1200
34,f,,,431.7200,394.0400
34,f,,,431.6100,395.4000
34,f,,,432.0300,397.7000
34,f,,,433.1100,398.4200
34,f,,,438.4400,397.3800
34,f,,,438.8400,395.6200
34,f,,,439.5100,394.0100
34,f,,,440.4700,392.4200
34,f,,,436.6600,392.4200
34,f,,,436.6600,391.4200
34,f,,,441.5800,391.4200
34,f,,,441.5800,392.1900
34,f,,,440.4800,393.8900
34,f,,,439.8000,395.5400
34,f,,,439.4300,397.3300
34,f,,,439.2700,399.4200
34,f,,,438.2500,399.4200
35,s,0.0000|0.0000|0.0000,0.7142860293388367,501.2383,389.4102
35,s,0.0000|0.0000|0.0000,0.7142860293388367,501.2383,384.3984
36,f,,,488.6200,397.0100
36,f,,,488.7400,397.5800
36,f,,,489.0900,398.0200
36,f,,,489.6200,398.3200
36,f,,,490.2700,398.4200
36,f,,,491.3600,398.0600
36,f,,,491.7700,397.1400
36,f,,,491.6000,396.5200
36,f,,,491.1400,396.0800
36,f,,,490.4700,395.7300
36,f,,,489.6900,395.4200
36,f,,,488.9200,396.1200
36,f,,,488.6200,397.0100
36,f,,,491.3700,394.3200
36,f,,,491.5800,393.6100
36,f,,,491.2300,392.7600
36,f,,,490.2600,392.4200
36,f,,,489.3600,392.7200
36,f,,,489.0200,393.5100
36,f,,,489.1600,394.0300
36,f,,,489.5500,394.4200
36,f,,,490.1200,394.7200
36,f,,,490.7900,394.9700
36,f,,,487.8600,396.0700
36,f,,,488.1900,395.3700
36,f,,,488.6400,394.8300
36,f,,,489.1800,394.4200
36,f,,,489.1800,394.3900
36,f,,,488.4300,393.8000
36,f,,,488.1000,392.9800
36,f,,,488.2700,392.3400
36,f,,,488.7300,391.8600
36,f,,,489.4100,391.5400
36,f,,,490.2700,391.4200
36,f,,,491.1800,391.5900
36,f,,,491.8500,392.0800
36,f,,,492.2900,392.8400
36,f,,,492.4400,393.8100
36,f,,,492.3300,394.4700
36,f,,,492.0800,395.0800
36,f,,,491.7400,395.5800
36,f,,,491.3800,395.9700
36,f,,,491.3800,396.0100
36,f,,,491.8700,396.2900
36,f,,,492.3000,396.6500
36,f,,,492.6000,397.1000
36,f,,,492.7100,397.6900
36,f,,,492.5300,398.3700
36,f,,,492.0300,398.9200
36,f,,,491.2500,399.2900
36,f,,,490.2400,399.4200
36,f,,,489.2300,399.2300
36,f,,,488.4400,398.7100
36,f,,,487.9200,397.9100
36,f,,,487.7200,396.9000
36,f,,,494.0100,395.1700
36,f,,,494.6100,394.2200
36,f,,,495.4400,393.6200
36,f,,,496.4100,393.4200
36,f,,,497.4000,393.6000
36,f,,,498.1300,394.1100
36,f,,,498.5800,394.9000
36,f,,,498.7400,395.9200
36,f,,,498.6900,396.4200
36,f,,,494.7700,396.4200
36,f,,,495.3400,397.8800
36,f,,,496.7100,398.4200
36,f,,,497.4800,398.2900
36,f,,,498.1600,397.9500
36,f,,,498.5100,398.6700
36,f,,,497.6600,399.1900
36,f,,,496.5800,399.4200
36,f,,,495.4900,399.2200
36,f,,,494.6000,398.6300
36,f,,,494.0100,397.6900
36,f,,,493.7900,396.4400
36,f,,,497.4900,394.6800
36,f,,,496.4300,394.4200
36,f,,,495.8300,394.4900
36,f,,,495.3300,394.6900
36,f,,,494.9500,395.0000
36,f,,,494.7600,395.4200
36,f,,,497.8600,395.4200
36,f,,,502.4900,395.4200
36,f,,,502.4900,396.4200
36,f,,,499.7200,396.4200
36,f,,,499.7200,395.4200
36,f,,,504.4200,398.3800
36,f,,,503.7700,395.3900
36,f,,,504.4200,392.4400
36,f,,,506.2200,391.4200
36,f,,,508.0300,392.4400
36,f,,,508.6800,395.3900
36,f,,,508.0300,398.3800
36,f,,,506.2200,399.4200
36,f,,,506.8300,398.2500
36,f,,,507.3000,397.7000
36,f,,,507.6100,396.7600
36,f,,,507.7100,395.4000
36,f,,,507.6100,394.0400
36,f,,,507.3000,393.1200
36,f,,,506.8300,392.5900
36,f,,,506.2200,392.4200
36,f,,,505.6200,392.5900
36,f,,,505.1400,393.1200
36,f,,,504.8300,394.0400
36,f,,,504.7200,395.4000
36,f,,,505.1400,397.7000
36,f,,,506.2200,398.4200
36,f,,,511.5500,397.3800
36,f,,,511.9500,395.6200
36,f,,,512.6200,394.0100
36,f,,,513.5800,392.4200
36,f,,,509.7700,392.4200
36,f,,,509.7700,391.4200
36,f,,,514.6900,391.4200
36,f,,,514.6900,392.1900
36,f,,,513.5900,393.8900
36,f,,,512.9100,395.5400
36,f,,,512.5400,397.3300
36,f,,,512.3800,399.4200
36,f,,,511.3600,399.4200
37,s,0.0000|0.0000|0.0000,0.7142860293388367,579.3516,389.4102
37,s,0.0000|0.0000|0.0000,0.7142860293388367,579.3516,384.3984
38,f,,,562.7400,397.0100
38,f,,,562.8600,397.5800
38,f,,,563.2100,398.0200
38,f,,,563.7400,398.3200
38,f,,,564.3900,398.4200
38,f,,,565.4800,398.0600
38,f,,,565.8900,397.1400
38,f,,,565.7200,396.5200
38,f,,,565.2600,396.0800
38,f,,,564.5900,395.7300
38,f,,,563.8100,395.4200
38,f,,,563.0400,396.1200
38,f,,,562.7400,397.0100
38,f,,,565.4900,394.3200
38,f,,,565.7000,393.6100
38,f,,,565.3500,392.7600
38,f,,,564.3800,392.4200
38,f,,,563.4800,392.7200
38,f,,,563.1400,393.5100
38,f,,,563.2800,394.0300
38,f,,,563.6700,394.4200
38,f,,,564.2400,394.7200
38,f,,,564.9100,394.9700
38,f,,,561.9800,396.0700
38,f,,,562.3100,395.3700
38,f,,,562.7600,394.8300
38,f,,,563.3000,394.4200
38,f,,,563.3000,394.3900
38,f,,,562.5500,393.8000
38,f,,,562.2200,392.9800
38,f,,,562.3900,392.3400
38,f,,,562.8500,391.8600
38,f,,,563.5300,391.5400
38,f,,,564.3900,391.4200
38,f,,,565.3000,391.5900
38,f,,,565.9700,392.0800
38,f,,,566.4100,392.8400
38,f,,,566.5600,393.8100
38,f,,,566.4500,394.4700
38,f,,,566.2000,395.0800
38,f,,,565.8600,395.5800
38,f,,,565.5000,395.9700
38,f,,,565.5000,396.0100
38,f,,,565.9900,396.2900
38,f,,,566.4200,396.6500
38,f,,,566.7200,397.1000
38,f,,,566.8300,397.6900
38,f,,,566.6500,398.3700
38,f,,,566.1500,398.9200
38,f,,,565.3700,399.2900
38,f,,,564.3600,399.4200
38,f,,,563.3500,399.2300
38,f,,,562.5600,398.7100
38,f,,,562.0400,397.9100
38,f,,,561.8400,396.9000
38,f,,,568.3500,397.7000
38,f,,,568.8600,397.4200
38,f,,,569.3500,397.7000
38,f,,,569.5600,398.4400
38,f,,,569.3500,399.1400
38,f,,,568.8600,399.4200
38,f,,,568.3500,399.1400
38,f,,,568.1400,398.4400
38,f,,,571.9400,398.1500
38,f,,,573.0800,398.4200
38,f,,,573.7300,398.3100
38,f,,,574.2600,398.0000
38,f,,,574.6200,397.5100
38,f,,,574.7500,396.8900
38,f,,,574.3100,395.8100
38,f,,,573.1300,395.4200
38,f,,,572.4400,395.5400
38,f,,,571.8100,395.8900
38,f,,,571.2800,395.5600
38,f,,,571.5300,391.4200
38,f,,,575.3600,391.4200
38,f,,,575.3600,392.4200
38,f,,,572.4100,392.4200
38,f,,,572.2000,394.7300
38,f,,,572.7400,394.5000
38,f,,,573.3800,394.4200
38,f,,,574.3000,394.5600
38,f,,,575.0600,395.0000
38,f,,,575.5600,395.7500
38,f,,,575.7500,396.8300
38,f,,,575.5300,397.9300
38,f,,,574.9500,398.7400
38,f,,,574.1300,399.2500
38,f,,,573.1700,399.4200
38,f,,,572.3400,399.3100
38,f,,,571.6500,399.0200
38,f,,,571.0900,398.6200
38,f,,,570.6600,398.1900
38,f,,,571.1400,397.5400
38,f,,,577.1300,395.1700
38,f,,,577.7300,394.2200
38,f,,,578.5600,393.6200
38,f,,,579.5300,393.4200
38,f,,,580.5200,393.6000
38,f,,,581.2500,394.1100
38,f,,,581.7000,394.9000
38,f,,,581.8600,395.9200
38,f,,,581.8100,396.4200
38,f,,,577.8900,396.4200
38,f,,,578.4600,397.8800
38,f,,,579.8300,398.4200
38,f,,,580.6000,398.2900
38,f,,,581.2800,397.9500
38,f,,,581.6300,398.6700
38,f,,,580.7800,399.1900
38,f,,,579.7000,399.4200
38,f,,,578.6100,399.2200
38,f,,,577.7200,398.6300
38,f,,,577.1300,397.6900
38,f,,,576.9100,396.4400
38,f,,,580.6100,394.6800
38,f,,,579.5500,394.4200
38,f,,,578.9500,394.4900
38,f,,,578.4500,394.6900
38,f,,,578.0700,395.0000
38,f,,,577.8800,395.4200
38,f,,,580.9800,395.4200
38,f,,,585.6100,395.4200
38,f,,,585.6100,396.4200
38,f,,,582.8400,396.4200
38,f,,,582.8400,395.4200
38,f,,,587.5400,398.3800
38,f,,,586.8900,395.3900
38,f,,,587.5400,392.4400
38,f,,,589.3400,391.4200
38,f,,,591.1500,392.4400
38,f,,,591.8000,395.3900
38,f,,,591.1500,398.3800
38,f,,,589.3400,399.4200
38,f,,,589.9500,398.2500
38,f,,,590.4200,397.7000
38,f,,,590.7300,396.7600
38,f,,,590.8300,395.4000
38,f,,,590.7300,394.0400
38,f,,,590.4200,393.1200
38,f,,,589.9500,392.5900
38,f,,,589.3400,392.4200
38,f,,,588.7400,392.5900
38,f,,,588.2600,393.1200
38,f,,,587.9500,394.0400
38,f,,,587.8400,395.4000
38,f,,,588.2600,397.7000
38,f,,,589.3400,398.4200
38,f,,,594.6700,397.3800
38,f,,,595.0700,395.6200
38,f,,,595.7400,394.0100
38,f,,,596.7000,392.4200
38,f,,,592.8900,392.4200
38,f,,,592.8900,391.4200
38,f,,,597.8100,391.4200
38,f,,,597.8100,392.1900
38,f,,,596.7100,393.8900
38,f,,,596.0300,395.5400
38,f,,,595.6600,397.3300
38,f,,,595.5000,399.4200
38,f,,,594.4800,399.4200
39,s,0.0000|0.0000|0.0000,0.7142860293388367,657.4688,389.4102
39,s,0.0000|0.0000|0.0000,0.7142860293388367,657.4688,384.3984
40,f,,,646.2800,395.4200
40,f,,,647.0900,395.2100
40,f,,,647.8900,394.5000
40,f,,,647.3700,392.9400
40,f,,,646.2000,392.4200
40,f,,,645.6800,392.5300
40,f,,,645.2599,392.8400
40,f,,,644.9800,393.3300
40,f,,,644.8799,393.9500
40,f,,,645.2200,395.0300
40,f,,,646.2800,395.4200
40,f,,,645.2000,398.2500
40,f,,,645.8900,398.4200
40,f,,,646.6600,398.2700
40,f,,,647.3000,397.7900
40,f,,,647.7400,396.9000
40,f,,,647.9200,395.4400
40,f,,,647.0800,396.1500
40,f,,,646.1299,396.4200
40,f,,,644.5400,395.8100
40,f,,,643.9500,393.9700
40,f,,,644.1299,392.9400
40,f,,,644.6200,392.1300
40,f,,,645.3400,391.6100
40,f,,,646.2000,391.4200
40,f,,,647.2500,391.6500
40,f,,,648.0900,392.3400
40,f,,,648.6500,393.5100
40,f,,,648.8500,395.1200
40,f,,,648.6000,397.1100
40,f,,,647.9500,398.4400
40,f,,,647.0200,399.1900
40,f,,,645.9200,399.4200
40,f,,,644.8500,399.1400
40,f,,,644.0800,398.4400
40,f,,,644.6299,397.8100
40,f,,,650.2400,395.1700
40,f,,,650.8400,394.2200
40,f,,,651.6700,393.6200
40,f,,,652.6400,393.4200
40,f,,,653.6299,393.6000
40,f,,,654.3600,394.1100
40,f,,,654.8100,394.9000
40,f,,,654.9700,395.9200
40,f,,,654.9200,396.4200
40,f,,,651.0000,396.4200
40,f,,,651.5699,397.8800
40,f,,,652.9399,398.4200
40,f,,,653.7100,398.2900
40,f,,,654.3900,397.9500
40,f,,,654.7400,398.6700
40,f,,,653.8900,399.1900
40,f,,,652.8100,399.4200
40,f,,,651.7200,399.2200
40,f,,,650.8300,398.6300
40,f,,,650.2400,397.6900
40,f,,,650.0200,396.4400
40,f,,,653.7200,394.6800
40,f,,,652.6600,394.4200
40,f,,,652.0600,394.4900
40,f,,,651.5600,394.6900
40,f,,,651.1800,395.0000
40,f,,,650.9900,395.4200
40,f,,,654.0900,395.4200
40,f,,,658.7200,395.4200
40,f,,,658.7200,396.4200
40,f,,,655.9500,396.4200
40,f,,,655.9500,395.4200
40,f,,,660.6500,398.3800
40,f,,,660.0000,395.3900
40,f,,,660.6500,392.4400
40,f,,,662.4500,391.4200
40,f,,,664.2599,392.4400
40,f,,,664.9100,395.3900
40,f,,,664.2599,398.3800
40,f,,,662.4500,399.4200
40,f,,,663.0600,398.2500
40,f,,,663.5300,397.7000
40,f,,,663.8400,396.7600
40,f,,,663.9399,395.4000
40,f,,,663.8400,394.0400
40,f,,,663.5300,393.1200
40,f,,,663.0600,392.5900
40,f,,,662.4500,392.4200
40,f,,,661.8500,392.5900
40,f,,,661.3700,393.1200
40,f,,,661.0600,394.0400
40,f,,,660.9500,395.4000
40,f,,,661.3700,397.7000
40,f,,,662.4500,398.4200
40,f,,,667.7800,397.3800
40,f,,,668.1800,395.6200
40,f,,,668.8500,394.0100
40,f,,,669.8100,392.4200
40,f,,,666.0000,392.4200
40,f,,,666.0000,391.4200
40,f,,,670.9200,391.4200
40,f,,,670.9200,392.1900
40,f,,,669.8199,393.8900
40,f,,,669.1400,395.5400
40,f,,,668.7700,397.3300
40,f,,,668.6100,399.4200
40,f,,,667.5900,399.4200
